ID,CID,name,canonical_smiles,entry_number,solvent,temperature_C,pH,solubility_mg_L,molecular_weight_g_mol,converted_logS,annotation_text,citation_json,source_names,source_urls,requested_at_utc,review_status,original_experiment_checked,source_independence,additional_review_note
A-4181,7725,4-methylbenzaldehyde,Cc1ccc(C=O)cc1,2,water,25.0,,2270.0,120.15,-1.7236979179467962,"In water, 2.27X10+3 mg/L at 25 °C","[""Yalkowsky SH, Dannenfelser RM; Aquasol Database of Aqueous Solubility. Version 5. College of Pharmacy, University of Arizona-Tucson, AZ. PC Version (1992)""]",Hazardous Substances Data Bank (HSDB),https://pubchem.ncbi.nlm.nih.gov/source/hsdb/5361,2026-10-05T14:16:31.221469+00:00,annotation_transcribed_and_converted,False,unverified,
B-1065,16850,fluorescein,O=C1OC2(c3ccc(O)cc3Oc3cc(O)ccc32)c2ccccc21,5,water,20.0,,50.0,332.3,-3.822560336942692,"In water, 50 mg/L at 20 °C","[""Dehn WM; J Amer Chem Soc 39: 1399-404 (1917)""]",Hazardous Substances Data Bank (HSDB),https://pubchem.ncbi.nlm.nih.gov/source/hsdb/2128,2026-10-05T14:16:35.222541+00:00,annotation_transcribed_and_converted,False,unverified,form_and_pH_require_review
B-2705,5053,bioresmethrin,CC(C)=CC1C(C(=O)OCc2coc(Cc3ccccc3)c2)C1(C)C,3,water,25.0,,0.0379,338.4,-6.950791144398914,"In water, 0.0379 mg/L at 25 °C","[""Tomlin CDS, ed. Resmethrin (10453-86-8). In: The e-Pesticide Manual, 13th Edition Version 3.1 (2004-05). Surrey UK, British Crop Protection Council.""]",Hazardous Substances Data Bank (HSDB),https://pubchem.ncbi.nlm.nih.gov/source/hsdb/1516,2026-10-05T14:16:40.423939+00:00,annotation_transcribed_and_converted,False,unverified,source_and_stereochemistry_require_review
B-3491,86222,carfentrazone-ethyl,CCOC(=O)C(Cl)Cc1cc(-n2nc(C)n(C(F)F)c2=O)c(F)cc1Cl,1,water,20.0,,12.0,412.2,-4.535926741395569,"In water, 12 mg/L at 20 °C, 22 mg/L at 25 °C, and 23 mg/L at 30 °C.","[""MacBean C, ed; e-Pesticide Manual. 15th ed., ver. 5.1, Alton, UK; British Crop Protection Council. Carfentrazone-ethyl (128639-02-1) (2008-2010)""]",Hazardous Substances Data Bank (HSDB),https://pubchem.ncbi.nlm.nih.gov/source/hsdb/7253,2026-10-05T14:16:42.024369+00:00,annotation_transcribed_and_converted,False,unverified,
B-3491,86222,carfentrazone-ethyl,CCOC(=O)C(Cl)Cc1cc(-n2nc(C)n(C(F)F)c2=O)c(F)cc1Cl,1,water,25.0,,22.0,412.2,-4.272685306620988,"In water, 12 mg/L at 20 °C, 22 mg/L at 25 °C, and 23 mg/L at 30 °C.","[""MacBean C, ed; e-Pesticide Manual. 15th ed., ver. 5.1, Alton, UK; British Crop Protection Council. Carfentrazone-ethyl (128639-02-1) (2008-2010)""]",Hazardous Substances Data Bank (HSDB),https://pubchem.ncbi.nlm.nih.gov/source/hsdb/7253,2026-10-05T14:16:42.024369+00:00,annotation_transcribed_and_converted,False,unverified,
B-3491,86222,carfentrazone-ethyl,CCOC(=O)C(Cl)Cc1cc(-n2nc(C)n(C(F)F)c2=O)c(F)cc1Cl,1,water,30.0,,23.0,412.2,-4.253380151425601,"In water, 12 mg/L at 20 °C, 22 mg/L at 25 °C, and 23 mg/L at 30 °C.","[""MacBean C, ed; e-Pesticide Manual. 15th ed., ver. 5.1, Alton, UK; British Crop Protection Council. Carfentrazone-ethyl (128639-02-1) (2008-2010)""]",Hazardous Substances Data Bank (HSDB),https://pubchem.ncbi.nlm.nih.gov/source/hsdb/7253,2026-10-05T14:16:42.024369+00:00,annotation_transcribed_and_converted,False,unverified,
B-609,4837,piperazine,C1CNCCN1,10,water,20.0,,150000.0,86.14,0.2408863916290999,"Solubility in water, g/100ml at 20 °C: 15",[],ILO-WHO International Chemical Safety Cards (ICSCs),https://chemicalsafety.ilo.org/dyn/icsc/showcard.display?p_card_id=1032,2026-10-05T14:16:44.825146+00:00,annotation_transcribed_and_converted,False,unverified,
B-63,4058,demerol,CCOC(=O)C1(c2ccccc2)CCN(C)CC1,2,water,30.0,,3220.0,247.33,-1.88542092579873,"In water, 3.22X10+3 mg/L at 30 °C","[""Yalkowsky, S.H., He, Yan, Jain, P. Handbook of Aqueous Solubility Data Second Edition. CRC Press, Boca Raton, FL 2010, p. 1069""]",Hazardous Substances Data Bank (HSDB),https://pubchem.ncbi.nlm.nih.gov/source/hsdb/3116,2026-10-05T14:16:45.225251+00:00,annotation_transcribed_and_converted,False,unverified,
B-724,31248,succinyl peroxide,O=C(O)CCC(=O)OOC(=O)CCC(=O)O,3,water,25.0,,33300.0,234.16,-0.8470684759194156,"In water, 3.33X10+4 mg/l @ 25 °C","[""Budavari, S. (ed.). The Merck Index - Encyclopedia of Chemicals, Drugs and Biologicals. Rahway, NJ: Merck and Co., Inc., 1989., p. 1400""]",Hazardous Substances Data Bank (HSDB),https://pubchem.ncbi.nlm.nih.gov/source/hsdb/793,2026-10-05T14:16:46.425617+00:00,annotation_transcribed_and_converted,False,unverified,
C-771,3345,fentanyl,CCC(=O)N(c1ccccc1)C1CCN(CCc2ccccc2)CC1,2,water,25.0,,200.0,336.5,-3.2259550728960145,"In water, 200 mg/L at 25 °C","[""Roy SD, Flynn GL; Pharmaceut Res 5: 580-86 (1988)""]",Hazardous Substances Data Bank (HSDB),https://pubchem.ncbi.nlm.nih.gov/source/hsdb/3329,2026-10-05T14:16:52.827362+00:00,annotation_transcribed_and_converted,False,unverified,
E-1274,2244,acetylsalicylic_acid,CC(=O)Oc1ccccc1C(=O)O,4,water,25.0,,4600.0,180.16,-1.5929005414896782,"In water, 4,600 mg/L at 25 °C","[""Yalkowsky SH, Dannenfelser RM; Aquasol Database of Aqueous Solubility. Version 5. College of Pharmacy, University of Arizona - Tucson, AZ (1992)""]",Hazardous Substances Data Bank (HSDB),https://pubchem.ncbi.nlm.nih.gov/source/hsdb/652,2026-10-05T14:16:54.427812+00:00,annotation_transcribed_and_converted,False,unverified,
E-1274,2244,acetylsalicylic_acid,CC(=O)Oc1ccccc1C(=O)O,5,water,15.0,,2500.0,180.16,-1.8577183644992143,"Solubility in water, g/100ml at 15 °C: 0.25 (poor)",[],ILO-WHO International Chemical Safety Cards (ICSCs),https://chemicalsafety.ilo.org/dyn/icsc/showcard.display?p_card_id=0822,2026-10-05T14:16:54.427812+00:00,annotation_transcribed_and_converted,False,unverified,
E-376,2347,benzyl_butyl_phthalate,CCCCOC(=O)c1ccccc1C(=O)OCc1ccccc1,2,water,25.0,,2.69,312.4,-5.064958745202855,"In water, 2.69 mg/L at 25 °C","[""Howard PH et al; Environ Tox Chem 4: 653-61 (1985)""]",Hazardous Substances Data Bank (HSDB),https://pubchem.ncbi.nlm.nih.gov/source/hsdb/2107,2026-10-05T14:16:54.827920+00:00,annotation_transcribed_and_converted,False,unverified,
E-376,2347,benzyl_butyl_phthalate,CCCCOC(=O)c1ccccc1C(=O)OCc1ccccc1,3,water,,,0.71,312.4,-5.643452676486188,"Solubility in water, mg/l: 0.71 (very poor)",[],ILO-WHO International Chemical Safety Cards (ICSCs),https://chemicalsafety.ilo.org/dyn/icsc/showcard.display?p_card_id=0834,2026-10-05T14:16:54.827920+00:00,annotation_transcribed_and_converted,False,unverified,
